scenario_id,model_id,n_findings,n_categories,prior_row_idx,coherence_gap_median_abs,coherence_gap_p90_abs,rmse_logLR_median,rmse_logLR_p90,median_mult_change,p90_mult_change,p99_mult_change,max_mult_change,bad_rows
chest_pain_carter_18,gpt-4.1-nano,82,19,1,0.38232774687663806,0.5795347003889509,0.2267892514619997,0.35639351441572475,1.0260520498892247,1.6788868848418292,3.8904457535822554,7.617683022055505,0
chest_pain_carter_8,gpt-4.1-nano,82,8,1,0.27483758358015764,0.5173052306183084,0.21716037717578363,0.40365308725577137,1.1803137151763123,1.850060440877078,3.7581465498032895,4.792061236562276,0
erectile_dysfunction_torres_tier1,gpt-4.1-nano,86,7,1,0.2696171429913689,0.5753760633016056,0.21807380268422555,0.4932584262706359,1.195293607431565,2.0362218003296766,4.651205900140577,6.684624144655025,0
metrorrhagia_sperle_tier3,gpt-4.1-nano,71,9,1,0.14342108537335363,0.36505957011496004,0.10928464778043068,0.28229594760242266,1.018478268528257,1.4414029797118761,3.014412958579056,6.408384684444704,0
