scenario_id,n_rows,sign_impossible_raw,sign_impossible_fitted,coherence_gap_median_abs,coherence_gap_p90_abs,median_mult_change,p90_max_mult_change
chest_pain_carter_18,82,26,0,0.38232774687663806,0.5795347003889509,1.0263074787029147,4.28981786662452
chest_pain_carter_8,82,34,0,0.27483758358015764,0.5173052306183084,1.210699970850087,3.024422790070267
erectile_dysfunction_torres_tier1,86,16,0,0.2696171429913689,0.5753760633016056,1.2881671780937118,3.027491629388587
metrorrhagia_sperle_tier3,71,18,0,0.14342108537335363,0.36505957011496004,1.0172833222245012,2.2989789558229172
